453.200000,0.000000,0.0
453.089419,0.023566,0.0
452.757224,0.094719,0.0
452.203866,0.212551,0.0
451.430254,0.377062,0.0
450.436840,0.588254,0.0
449.224530,0.844312,0.0
447.794230,1.145690,0.0
446.147302,1.490575,0.0
444.285556,1.878514,0.0
442.210806,2.307694,0.0
439.924412,2.777663,0.0
437.429093,3.286606,0.0
434.726662,3.833166,0.0
431.820290,4.415981,0.0
428.711791,5.032786,0.0
425.404791,5.682222,0.0
421.902461,6.362475,0.0
418.207522,7.072186,0.0
414.323598,7.808636,0.0
410.254768,8.570012,0.0
406.004658,9.354501,0.0
401.576894,10.160291,0.0
396.976461,10.985115,0.0
392.206984,11.826707,0.0
387.273902,12.682802,0.0
382.180841,13.552040,0.0
376.933691,14.431701,0.0
371.536532,15.319973,0.0
365.995709,16.214136,0.0
360.315300,17.112832,0.0
354.501651,18.013340,0.0
348.560199,18.913849,0.0
342.496836,19.812091,0.0
336.317001,20.706255,0.0
330.027491,21.594074,0.0
323.633292,22.473282,0.0
317.141656,23.342066,0.0
310.558926,24.198161,0.0
303.890994,25.039753,0.0
297.144659,25.864577,0.0
290.326265,26.670820,0.0
283.443063,27.456669,0.0
276.501852,28.219858,0.0
269.508976,28.958120,0.0
262.472140,29.670098,0.0
255.397234,30.353976,0.0
248.292418,31.007038,0.0
241.164035,31.628375,0.0
234.019790,32.215722,0.0
226.866028,32.767720,0.0
219.710907,33.282102,0.0
212.560770,33.757055,0.0
205.423324,34.192127,0.0
198.305364,34.584598,0.0
191.214597,34.933562,0.0
184.157820,35.237206,0.0
177.108747,35.492358,0.0
170.084600,35.686328,0.0
163.115744,35.817302,0.0
156.208976,35.884376,0.0
149.372001,35.887095,0.0
142.612070,35.825913,0.0
135.936434,35.699924,0.0
129.351438,35.510486,0.0
122.865239,35.256694,0.0
116.483730,34.939907,0.0
110.214161,34.560579,0.0
104.062878,34.120068,0.0
98.036677,33.618829,0.0
92.141452,33.058674,0.0
86.383999,32.440962,0.0
80.770210,31.767507,0.0
75.305525,31.039668,0.0
69.996287,30.260164,0.0
64.847935,29.430808,0.0
59.865001,28.553866,0.0
55.053376,27.631604,0.0
50.417594,26.667194,0.0
45.962638,25.662450,0.0
41.692587,24.620090,0.0
37.611974,23.543740,0.0
33.724878,22.435213,0.0
30.034924,21.297681,0.0
26.545284,20.134316,0.0
23.260037,18.947386,0.0
20.181902,17.740061,0.0
17.313600,16.515061,0.0
14.657848,15.274653,0.0
12.217366,14.021555,0.0
9.993513,12.758486,0.0
7.989010,11.487714,0.0
6.205214,10.211049,0.0
4.643034,8.931212,0.0
3.304734,7.649110,0.0
2.190316,6.367007,0.0
1.300684,5.086717,0.0
0.636746,3.808693,0.0
0.198955,2.534294,0.0
-0.013596,1.264428,0.0
0.000000,0.000000,0.0
0.237024,-1.242221,0.0
0.695662,-2.445014,0.0
1.374556,-3.607925,0.0
2.272798,-4.730955,0.0
3.389483,-5.813650,0.0
4.722797,-6.855103,0.0
6.271382,-7.855769,0.0
8.032970,-8.815193,0.0
10.005750,-9.732923,0.0
12.187454,-10.608506,0.0
14.575365,-11.441487,0.0
17.167216,-12.231868,0.0
19.959834,-12.979195,0.0
22.950501,-13.683468,0.0
26.135591,-14.344233,0.0
29.512384,-14.961945,0.0
33.076802,-15.535696,0.0
36.825672,-16.066393,0.0
40.754916,-16.554036,0.0
44.860908,-16.998172,0.0
49.139116,-17.399254,0.0
53.585915,-17.758642,0.0
58.196318,-18.075429,0.0
62.966248,-18.351428,0.0
67.891626,-18.586638,0.0
72.967013,-18.782421,0.0
78.187877,-18.939681,0.0
83.549233,-19.058873,0.0
89.046549,-19.142262,0.0
94.674386,-19.189848,0.0
100.427307,-19.204350,0.0
106.300326,-19.186222,0.0
112.288458,-19.137730,0.0
118.385357,-19.060686,0.0
124.586493,-18.955996,0.0
130.885066,-18.826381,0.0
137.276093,-18.673200,0.0
143.753680,-18.498264,0.0
150.311938,-18.304295,0.0
156.944520,-18.093104,0.0
163.645535,-17.866050,0.0
170.409092,-17.625854,0.0
177.228845,-17.373875,0.0
184.121111,-17.111472,0.0
191.089514,-16.829129,0.0
198.093267,-16.526844,0.0
205.126931,-16.205072,0.0
212.182348,-15.866079,0.0
219.253628,-15.511676,0.0
226.333972,-15.143225,0.0
233.415675,-14.762084,0.0
240.492393,-14.370066,0.0
247.557328,-13.968077,0.0
254.603681,-13.558384,0.0
261.624202,-13.141440,0.0
268.612093,-12.719511,0.0
275.560556,-12.293050,0.0
282.463245,-11.862963,0.0
289.312456,-11.431517,0.0
296.101846,-10.998711,0.0
302.825068,-10.565452,0.0
309.475324,-10.133552,0.0
316.045365,-9.703012,0.0
322.529750,-9.275191,0.0
328.921230,-8.850543,0.0
335.213459,-8.429520,0.0
341.400545,-8.013029,0.0
347.476598,-7.601977,0.0
353.434365,-7.196816,0.0
359.268862,-6.797547,0.0
364.974196,-6.405076,0.0
370.544024,-6.020309,0.0
375.972907,-5.642793,0.0
381.255860,-5.273888,0.0
386.386990,-4.913594,0.0
391.361313,-4.562818,0.0
396.173844,-4.221105,0.0
400.819597,-3.889816,0.0
405.293588,-3.568950,0.0
409.591736,-3.258961,0.0
413.709058,-2.960302,0.0
417.641928,-2.673880,0.0
421.385813,-2.399241,0.0
424.937088,-2.137744,0.0
428.292128,-1.889391,0.0
431.447306,-1.654180,0.0
434.399451,-1.433472,0.0
437.145843,-1.227266,0.0
439.682857,-1.035562,0.0
442.008226,-0.859267,0.0
444.119685,-0.698381,0.0
446.014514,-0.553810,0.0
447.691354,-0.425102,0.0
449.148392,-0.313161,0.0
450.383362,-0.217989,0.0
451.396264,-0.139586,0.0
452.184832,-0.078857,0.0
452.748613,-0.034896,0.0
453.087153,-0.008611,0.0
453.200000,0.000000,0.0
